R,G,B,L,a,b,Thickness [nm]
1.32143,3.10345,4.78125,4.07143,1.16406,1.3125,43
1.48,2.45833,3.96154,3.45455,1.12403,1.17323,28.75
1.42308,2.48,4.07407,3.47826,1.13178,1.19685,32.2
1.07407,1.07407,1.2,1.11538,1.0155,1.00781,21.2
1.47368,2.33333,3.33333,3.71429,1.07752,1.11811,33.7
1.5,1.94444,2.7619,2.8,1.06977,1.07031,22.5
1.58824,2.94444,4,4.5,1.07031,1.16406,66.7
1.42105,1.94737,2.90909,3.06667,1.07752,1.09375,39
1.26316,1.72222,2.52381,2.64286,1.06202,1.07874,24.74
1.42105,2.89474,4.09524,4.46667,1.07812,1.17188,70
1.47059,2.9375,3.68421,4.23077,1.04651,1.14961,174
1.42105,2.05556,3,3,1.07752,1.08594,26.5
1.47368,2.68421,3.7619,4.13333,1.07031,1.14844,171
1.47368,2.44444,3.38095,3.6,1.06977,1.11719,39.4
1.35,2.4,3.54545,3.6875,1.07752,1.14062,40.2
1.47368,2.1,3.08696,3.05882,1.07752,1.10078,38.5
